{
  "$schema": "https://turbo.build/schema.json",
  "globalDependencies": [
    "**/.env.*local"
  ],
  "pipeline": {
    "build": {
      "dependsOn": [
        "^build"
      ],
      "outputs": [
        "dist/**",
        ".next/**",
        "!.next/cache/**"
      ]
    },
    "dev": {
      "cache": false,
      "persistent": true
    },
    "lint": {
      "dependsOn": [
        "^lint"
      ]
    },
    "test": {
      "dependsOn": [
        "^build"
      ],
      "outputs": [
        "coverage/**"
      ]
    },
    "typecheck": {
      "dependsOn": [
        "^typecheck"
      ]
    },
    "clean": {
      "cache": false
    }
  }
}
