{
  "$schema": "https://json.schemastore.org/launch.json",
  "version": "0.2.0",
  "configurations": [
    {
      "name": "Python: Debug Current File",
      "type": "python",
      "request": "launch",
      "program": "${file}",
      "console": "integratedTerminal",
      "justMyCode": false,
      "env": {
        "PYTHONPATH": "${workspaceFolder}",
        "DEBUG": "true"
      },
      "args": [],
      "stopOnEntry": false,
      "showReturnValue": true,
      "redirectOutput": true
    },
    {
      "name": "Python: Debug Tests (pytest)",
      "type": "python",
      "request": "launch",
      "module": "pytest",
      "args": [
        "-v",
        "-s",
        "--tb=short",
        "${file}"
      ],
      "console": "integratedTerminal",
      "justMyCode": false,
      "env": {
        "PYTHONPATH": "${workspaceFolder}",
        "DEBUG": "true"
      }
    },
    {
      "name": "Node.js: Debug Current File",
      "type": "node",
      "request": "launch",
      "program": "${file}",
      "skipFiles": [
        "<node_internals>/**"
      ],
      "console": "integratedTerminal",
      "env": {
        "NODE_ENV": "development",
        "DEBUG": "*"
      },
      "outputCapture": "std",
      "sourceMaps": true
    },
    {
      "name": "Node.js: Debug Jest Tests",
      "type": "node",
      "request": "launch",
      "program": "${workspaceFolder}/node_modules/.bin/jest",
      "args": [
        "--runInBand",
        "--no-cache",
        "${file}"
      ],
      "console": "integratedTerminal",
      "internalConsoleOptions": "neverOpen",
      "env": {
        "NODE_ENV": "test"
      }
    },
    {
      "name": "Node.js: Attach to Process",
      "type": "node",
      "request": "attach",
      "port": 9229,
      "restart": true,
      "skipFiles": [
        "<node_internals>/**"
      ]
    },
    {
      "name": "Chrome: Debug Web App",
      "type": "chrome",
      "request": "launch",
      "url": "http://localhost:3000",
      "webRoot": "${workspaceFolder}",
      "sourceMaps": true,
      "userDataDir": "${workspaceFolder}/.chrome-debug",
      "runtimeArgs": [
        "--disable-web-security"
      ]
    },
    {
      "name": "Go: Debug Current File",
      "type": "go",
      "request": "launch",
      "mode": "debug",
      "program": "${file}",
      "env": {
        "DEBUG": "true"
      },
      "args": [],
      "showLog": true
    },
    {
      "name": "Go: Debug Tests",
      "type": "go",
      "request": "launch",
      "mode": "test",
      "program": "${workspaceFolder}",
      "args": [
        "-test.v"
      ]
    },
    {
      "name": "Docker: Attach to Container",
      "type": "node",
      "request": "attach",
      "port": 9229,
      "address": "localhost",
      "localRoot": "${workspaceFolder}",
      "remoteRoot": "/app",
      "skipFiles": [
        "<node_internals>/**"
      ]
    },
    {
      "name": "Remote: SSH Debug",
      "type": "node",
      "request": "attach",
      "port": 9229,
      "address": "remote-server.example.com",
      "localRoot": "${workspaceFolder}",
      "remoteRoot": "/home/user/app"
    }
  ],
  "compounds": [
    {
      "name": "Full Stack: Client + Server",
      "configurations": [
        "Node.js: Debug Current File",
        "Chrome: Debug Web App"
      ],
      "stopAll": true
    }
  ]
}
